Date,Year,SOFR
October-26,2026,3.918
November-26,2026,3.9669
December-26,2026,4.1694
January-27,2027,4.233
February-27,2027,4.2733
March-27,2027,4.3561
April-27,2027,4.4663
May-27,2027,4.5639
June-27,2027,4.6323
July-27,2027,4.6776
August-27,2027,4.7089
September-27,2027,4.7285
October-27,2027,4.7431
November-27,2027,4.7537
December-27,2027,4.7633
January-28,2028,4.7717
February-28,2028,4.7777
March-28,2028,4.7837
April-28,2028,4.7877
May-28,2028,4.7903
June-28,2028,4.7911
July-28,2028,4.7912
August-28,2028,4.7895
September-28,2028,4.7868
October-28,2028,4.7816
November-28,2028,4.7772
December-28,2028,4.7733
January-29,2029,4.7685
February-29,2029,4.7636
March-29,2029,4.761
April-29,2029,4.7559
May-29,2029,4.7526
June-29,2029,4.7489
July-29,2029,4.7447
August-29,2029,4.7413
September-29,2029,4.7379
October-29,2029,4.7342
November-29,2029,4.7311
December-29,2029,4.729
January-30,2030,4.727
February-30,2030,4.7246
March-30,2030,4.7249
April-30,2030,4.7239
May-30,2030,4.7242
June-30,2030,4.7247
July-30,2030,4.7258
August-30,2030,4.7279
September-30,2030,4.7291
October-30,2030,4.7318
November-30,2030,4.7352
December-30,2030,4.7386
January-31,2031,4.7424
February-31,2031,4.7459
March-31,2031,4.7517
April-31,2031,4.7568
May-31,2031,4.764
June-31,2031,4.7697
July-31,2031,4.7766
August-31,2031,4.7847
September-31,2031,4.7922
October-31,2031,4.8006
November-31,2031,4.8091
December-31,2031,4.8174
January-32,2032,4.8262
February-32,2032,4.8329
March-32,2032,4.8409
April-32,2032,4.8479
May-32,2032,4.8557
June-32,2032,4.8626
July-32,2032,4.8709
August-32,2032,4.8776
September-32,2032,4.8836
October-32,2032,4.891
November-32,2032,4.897
December-32,2032,4.9035
January-33,2033,4.9098
February-33,2033,4.9146
March-33,2033,4.9213
April-33,2033,4.9276
May-33,2033,4.933
June-33,2033,4.9378
July-33,2033,4.9438
August-33,2033,4.9488
September-33,2033,4.9533
October-33,2033,4.9585
November-33,2033,4.963
December-33,2033,4.9691
January-34,2034,4.9737
February-34,2034,4.9772
March-34,2034,4.9831
April-34,2034,4.9883
May-34,2034,4.9936
June-34,2034,4.9983
July-34,2034,5.0039
August-34,2034,5.0093
September-34,2034,5.0156
October-34,2034,5.0206
November-34,2034,5.0252
December-34,2034,5.0315
January-35,2035,5.0369
February-35,2035,5.0411
March-35,2035,5.0485
April-35,2035,5.0533
May-35,2035,5.0591
June-35,2035,5.0654
July-35,2035,5.0711
August-35,2035,5.0767
September-35,2035,5.0832
October-35,2035,5.089
November-35,2035,5.0943
December-35,2035,5.1008
January-36,2036,5.107
February-36,2036,5.1124
March-36,2036,5.1192
April-36,2036,5.1251
May-36,2036,5.1328
June-36,2036,5.1383
July-36,2036,5.1446
August-36,2036,5.1517
September-36,2036,5.1576
October-36,2036,5.1643
